{
    "styles": {
        "Regular-No-IF_OWN_ICON_EXISTS": {
            "nodes": {
                "_fun_benches": [
                    4.486667633056641,
                    92.07236182858608
                ],
                "_fun_sidewalks": [
                    0.0,
                    46.03618091429304
                ],
                "_fun_trees": [
                    14.060002326965332,
                    0.0
                ],
                "_res_community_approval": [
                    498.92014864527306,
                    68.75198662160878
                ],
                "_res_initial_budget": [
                    369.4639744257737,
                    23.32037520697731
                ],
                "_invmult": [
                    297.6169326252447,
                    46.397417121947186
                ],
                "_invplusop": [
                    381.0685436870167,
                    69.35655612127036
                ],
                "_mult": [
                    105.4161847480638,
                    0.60456949966159
                ],
                "_mult1": [
                    108.71618398512435,
                    46.64075041395462
                ],
                "_mult2": [
                    105.4161847480638,
                    92.67693132824766
                ],
                "_sum": [
                    225.76989082471582,
                    45.397417121947186
                ]
            },
            "edges": {
                "(_fun_benches:benches)-(_mult2:_op)": [
                    [
                        53.16809336585319,
                        102.5904522857326
                    ],
                    [
                        63.16809336585319,
                        102.5904522857326
                    ],
                    [
                        57.57303899755618,
                        102.5904522857326
                    ],
                    [
                        57.57303899755618,
                        102.5904522857326
                    ],
                    [
                        97.57303899755618,
                        102.5904522857326
                    ],
                    [
                        107.57303899755618,
                        102.5904522857326
                    ]
                ],
                "(_fun_sidewalks:sidewalks)-(_mult1:_op)": [
                    [
                        57.65476099890983,
                        56.554271371439555
                    ],
                    [
                        67.65476099890984,
                        56.554271371439555
                    ],
                    [
                        84.26389961676328,
                        56.554271371439555
                    ],
                    [
                        84.26389961676328,
                        56.554271371439555
                    ],
                    [
                        100.87303823461673,
                        56.554271371439555
                    ],
                    [
                        110.87303823461673,
                        56.554271371439555
                    ]
                ],
                "(_fun_trees:trees)-(_mult:_op)": [
                    [
                        43.5947586719445,
                        10.51809045714652
                    ],
                    [
                        53.5947586719445,
                        10.51809045714652
                    ],
                    [
                        49.57303899755618,
                        10.51809045714652
                    ],
                    [
                        49.57303899755618,
                        10.51809045714652
                    ],
                    [
                        97.57303899755618,
                        10.51809045714652
                    ],
                    [
                        107.57303899755618,
                        10.518090457146524
                    ]
                ],
                "(_invmult:_res4)-(_invplusop:_res4)": [
                    [
                        322.3071201762813,
                        59.55427137143957
                    ],
                    [
                        332.3071201762813,
                        59.55427137143957
                    ],
                    [
                        352.76625905639514,
                        59.55427137143957
                    ],
                    [
                        352.76625905639514,
                        79.27007707875529
                    ],
                    [
                        373.22539793650907,
                        79.27007707875529
                    ],
                    [
                        383.22539793650907,
                        79.27007707875529
                    ]
                ],
                "(_invmult:initial_budget)-(_res_initial_budget:initial_budget)": [
                    [
                        322.3071201762813,
                        53.55427137143957
                    ],
                    [
                        332.3071201762813,
                        53.55427137143957
                    ],
                    [
                        347.26625917560443,
                        53.55427137143957
                    ],
                    [
                        347.26625917560443,
                        33.83846566412383
                    ],
                    [
                        362.22539817492765,
                        33.83846566412383
                    ],
                    [
                        372.22539817492765,
                        33.83846566412383
                    ]
                ],
                "(_invplusop:_op)-(_res_community_approval:community_approval)": [
                    [
                        440.15872513453763,
                        79.27007707875529
                    ],
                    [
                        450.15872513453763,
                        79.27007707875529
                    ],
                    [
                        470.9201487644823,
                        79.27007707875529
                    ],
                    [
                        470.9201487644823,
                        79.27007707875529
                    ],
                    [
                        491.681572394427,
                        79.27007707875529
                    ],
                    [
                        501.681572394427,
                        79.27007707875529
                    ]
                ],
                "(_mult:_res)-(_sum:_res)": [
                    [
                        178.61303657522342,
                        10.518090457146524
                    ],
                    [
                        188.61303657522342,
                        10.518090457146524
                    ],
                    [
                        203.2698908247158,
                        10.518090457146524
                    ],
                    [
                        203.2698908247158,
                        50.55427137143957
                    ],
                    [
                        217.92674507420818,
                        50.55427137143957
                    ],
                    [
                        227.92674507420818,
                        50.55427137143957
                    ]
                ],