{
    "styles": {
        "Regular-No-IF_OWN_ICON_EXISTS": {
            "nodes": {
                "_fun_quality": [
                    0.0,
                    33.16543062431608
                ],
                "_res_co2_budget": [
                    506.57273519497204,
                    140.340375330955
                ],
                "_res_initial_budget": [
                    659.8443399911038,
                    30.16543062431608
                ],
                "_invmult": [
                    89.68284353102285,
                    33.52666683197022
                ],
                "buy": [
                    468.7039675211718,
                    0.0
                ],
                "layout": [
                    321.5635912365425,
                    0.0
                ],
                "quality": [
                    161.52988533155195,
                    0.0
                ]
            },
            "edges": {
                "(_fun_quality:quality)-(_invmult:_result)": [
                    [
                        41.92141978186881,
                        43.6835210814626
                    ],
                    [
                        51.92141978186881,
                        43.6835210814626
                    ],
                    [
                        66.88055878119202,
                        43.6835210814626
                    ],
                    [
                        66.88055878119202,
                        43.6835210814626
                    ],
                    [
                        81.83969778051524,
                        43.6835210814626
                    ],
                    [
                        91.83969778051524,
                        43.6835210814626
                    ]
                ],
                "(_invmult:accessibility)-(quality:accessibility)": [
                    [
                        114.37303108205943,
                        40.6835210814626
                    ],
                    [
                        124.37303108205943,
                        40.6835210814626
                    ],
                    [
                        139.02988533155187,
                        40.6835210814626
                    ],
                    [
                        139.02988533155187,
                        40.683521081462594
                    ],
                    [
                        153.68673958104432,
                        40.683521081462594
                    ],
                    [
                        163.68673958104432,
                        40.683521081462594
                    ]
                ],
                "(_invmult:greenery)-(quality:greenery)": [
                    [
                        114.37303108205943,
                        46.6835210814626
                    ],
                    [
                        124.37303108205943,
                        46.6835210814626
                    ],
                    [
                        139.02988533155187,
                        46.6835210814626
                    ],
                    [
                        139.02988533155187,
                        55.683521081462594
                    ],
                    [
                        153.68673958104432,
                        55.683521081462594
                    ],
                    [
                        163.68673958104432,
                        55.683521081462594
                    ]
                ],
                "(buy:approval)-(quality:approval)": [
                    [
                        612.6874857416115,
                        55.683521081462594
                    ],
                    [
                        622.6874857416115,
                        55.683521081462594
                    ],
                    [
                        620.0,
                        55.683521081462594
                    ],
                    [
                        620.0,
                        55.683521081462594
                    ],
                    [
                        628.0,
                        55.683521081462594
                    ],
                    [
                        628.0,
                        92.0
                    ],
                    [
                        156.0,
                        92.0
                    ],
                    [
                        156.0,
                        70.6835210814626
                    ],
                    [
                        153.68673958104432,
                        70.6835210814626
                    ],
                    [
                        163.68673958104432,
                        70.6835210814626
                    ]
                ],
                "(buy:initial_budget)-(_res_initial_budget:initial_budget)": [
                    [
                        612.6874857416115,
                        40.683521081462594
                    ],
                    [
                        622.6874857416115,
                        40.683521081462594
                    ],
                    [
                        637.6466247409346,
                        40.683521081462594
                    ],
                    [
                        637.6466247409346,
                        40.6835210814626
                    ],
                    [
                        652.6057637402578,
                        40.6835210814626
                    ],
                    [
                        662.6057637402578,
                        40.6835210814626
                    ]
                ],
                "(layout:co2)-(_res_co2_budget:co2_budget)": [
                    [
                        421.5471132716794,
                        70.6835210814626
                    ],
                    [
                        431.5471132716794,
                        70.6835210814626
                    ],
                    [
                        431.5471132716794,
                        70.6835210814626
                    ],
                    [
                        431.5471132716794,
                        150.85846578810154
                    ],
                    [
                        499.334158944126,
                        150.85846578810154
                    ],
                    [
                        509.334158944126,
                        150.85846578810154
                    ]
                ],
                "(layout:sidewalks)-(buy:sidewalks)": [
                    [
                        421.5471132716794,
                        55.683521081462594
                    ],
                    [
                        431.5471132716794,
                        55.683521081462594
                    ],
                    [
                        446.20396752117176,
                        55.683521081462594
                    ],
                    [
                        446.20396752117176,
                        55.683521081462594
                    ],
                    [
                        460.8608217706642,
                        55.683521081462594
                    ],
                    [
                        470.8608217706642,
                        55.683521081462594
                    ]
                ],