{
    "styles": {
        "Regular-No-IF_OWN_ICON_EXISTS": {
            "nodes": {
                "_fun_acceptable_co2_impact_yearly": [
                    171.4828465827806,
                    88.98393812902319
                ],
                "_fun_acceptable_tax_burden": [
                    192.38284047926498,
                    135.02011904331624
                ],
                "_fun_community_approval": [
                    0.0,
                    23.01809045714652
                ],
                "_res_accessibility": [
                    394.1523463027682,
                    46.03618091429304
                ],
                "_res_greenery": [
                    403.4790140884127,
                    0.0
                ],
                "_invmult": [
                    246.89407554250994,
                    23.379326664800654
                ],
                "_fun_acceptable_co2_impact_yearly/_extrar-acceptable_co2_impact_yearly": [
                    421.5924371204036,
                    92.07236182858608
                ],
                "_fun_acceptable_tax_burden/_extrar-acceptable_tax_burden": [
                    421.5924371204036,
                    138.10854274287914
                ]
            },
            "edges": {
                "(_fun_community_approval:community_approval)-(_invmult:_result)": [
                    [
                        123.72142283362663,
                        33.53618091429304
                    ],
                    [
                        133.72142283362663,
                        33.53618091429304
                    ],
                    [
                        135.0509297920023,
                        33.53618091429304
                    ],
                    [
                        135.0509297920023,
                        33.53618091429304
                    ],
                    [
                        239.0509297920023,
                        33.53618091429304
                    ],
                    [
                        249.0509297920023,
                        33.536180914293034
                    ]
                ],
                "(_invmult:accessibility)-(_res_accessibility:accessibility)": [
                    [
                        271.5842630935465,
                        36.536180914293034
                    ],
                    [
                        281.5842630935465,
                        36.536180914293034
                    ],
                    [
                        334.2490165727343,
                        36.536180914293034
                    ],
                    [
                        334.2490165727343,
                        56.554271371439555
                    ],
                    [
                        386.91377005192214,
                        56.554271371439555
                    ],
                    [
                        396.91377005192214,
                        56.554271371439555
                    ]
                ],
                "(_invmult:greenery)-(_res_greenery:greenery)": [
                    [
                        271.5842630935465,
                        30.536180914293034
                    ],
                    [
                        281.5842630935465,
                        30.536180914293034
                    ],
                    [
                        338.9123504655566,
                        30.536180914293034
                    ],
                    [
                        338.9123504655566,
                        10.51809045714652
                    ],
                    [
                        396.2404378375667,
                        10.51809045714652
                    ],
                    [
                        406.2404378375667,
                        10.51809045714652
                    ]
                ],
                "_fun_acceptable_co2_impact_yearly/_extrar-acceptable_co2_impact_yearly-edge-0": [
                    [
                        346.39092255361425,
                        99.5020285861697
                    ],
                    [
                        356.39092255361425,
                        99.5020285861697
                    ],
                    [
                        383.9916798370089,
                        99.5020285861697
                    ],
                    [
                        383.9916798370089,
                        99.5020285861697
                    ],
                    [
                        411.5924371204036,
                        99.5020285861697
                    ],
                    [
                        421.5924371204036,
                        99.5020285861697
                    ]
                ],
                "_fun_acceptable_tax_burden/_extrar-acceptable_tax_burden-edge-0": [
                    [
                        325.49092865712987,
                        145.53820950046278
                    ],
                    [
                        335.49092865712987,
                        145.53820950046278
                    ],
                    [
                        331.5924371204036,
                        145.53820950046278
                    ],
                    [
                        331.5924371204036,
                        145.53820950046278
                    ],
                    [
                        411.5924371204036,
                        145.53820950046278
                    ],
                    [
                        421.5924371204036,
                        145.53820950046276
                    ]
                ]
            }
        }
    }
}