{
    "styles": {
        "Regular-No-IF_OWN_ICON_EXISTS": {
            "nodes": {
                "_fun_acceptable_co2_impact_yearly": [
                    0.0,
                    0.0
                ],
                "_fun_acceptable_tax_burden": [
                    222.66949971998764,
                    45.43161141463145
                ],
                "_fun_community_approval": [
                    403.5390116470064,
                    177.3633067583848
                ],
                "_res_accessibility": [
                    575.0218582297871,
                    134.41554954365463
                ],
                "_res_greenery": [
                    584.3485260154316,
                    88.37936862936161
                ],
                "_invmult": [
                    453.35691403813235,
                    111.75869529416227
                ],
                "_fun_acceptable_co2_impact_yearly/_extrar-acceptable_co2_impact_yearly": [
                    430.9791024646418,
                    135.0201190433162
                ],
                "_fun_acceptable_tax_burden/_extrar-acceptable_tax_burden": [
                    421.5924371204036,
                    138.10854274287914
                ],
                "_tax_approval": [
                    447.3902478165137,
                    46.03618091429304
                ],
                "_fun_community_approval/_extrar-community_approval": [
                    602.4619490474224,
                    180.4517304579477
                ],
                "_invmult/_extraf-_result": [
                    281.3895893169199,
                    114.48588278607103
                ],
                "_tax_approval/_extrar-tax_approval": [
                    602.4619490474224,
                    48.52003511419436
                ],
                "_co2_approval": [
                    447.3902478165137,
                    0.6045694996615829
                ],
                "_mult1": [
                    247.99407401663103,
                    0.6045694996615829
                ],
                "_co2_approval/_extrar-co2_approval": [
                    602.4619490474224,
                    3.088423699562899
                ]
            },
            "edges": {
                "(_fun_community_approval:community_approval)-(_invmult:_result)": [
                    [
                        123.72142283362663,
                        33.53618091429304
                    ],
                    [
                        133.72142283362663,
                        33.53618091429304
                    ],
                    [
                        135.0509297920023,
                        33.53618091429304
                    ],
                    [
                        135.0509297920023,
                        33.53618091429304
                    ],
                    [
                        239.0509297920023,
                        33.53618091429304
                    ],
                    [
                        249.0509297920023,
                        33.536180914293034
                    ]
                ],
                "(_invmult:accessibility)-(_res_accessibility:accessibility)": [
                    [
                        478.0471015891689,
                        124.91554954365465
                    ],
                    [
                        488.0471015891689,
                        124.91554954365465
                    ],
                    [
                        527.915191784055,
                        124.91554954365465
                    ],
                    [
                        527.915191784055,
                        144.93364000080118
                    ],
                    [
                        567.7832819789411,
                        144.93364000080118
                    ],
                    [
                        577.7832819789411,
                        144.93364000080118
                    ]
                ],
                "(_invmult:greenery)-(_res_greenery:greenery)": [
                    [
                        478.0471015891689,
                        118.91554954365465
                    ],
                    [
                        488.0471015891689,
                        118.91554954365465
                    ],
                    [
                        532.5785256768772,
                        118.91554954365465
                    ],
                    [
                        532.5785256768772,
                        98.89745908650812
                    ],
                    [
                        577.1099497645856,
                        98.89745908650812
                    ],
                    [
                        587.1099497645856,
                        98.89745908650812
                    ]
                ],
                "_fun_acceptable_co2_impact_yearly/_extrar-acceptable_co2_impact_yearly-edge-0": [
                    [
                        355.77758789785247,
                        142.44978580089986
                    ],
                    [
                        365.77758789785247,
                        142.44978580089986
                    ],
                    [
                        364.9791024646418,
                        142.44978580089986
                    ],
                    [
                        364.9791024646418,
                        142.44978580089986
                    ],
                    [
                        420.9791024646418,
                        142.44978580089986
                    ],
                    [
                        430.9791024646418,
                        142.44978580089983
                    ]
                ],
                "_fun_acceptable_tax_burden/_extrar-acceptable_tax_burden-edge-0": [
                    [
                        325.49092865712987,
                        145.53820950046278
                    ],
                    [
                        335.49092865712987,
                        145.53820950046278
                    ],
                    [
                        331.5924371204036,
                        145.53820950046278
                    ],
                    [
                        331.5924371204036,
                        145.53820950046278
                    ],
                    [
                        411.5924371204036,
                        145.53820950046278
                    ],
                    [
                        421.5924371204036,
                        145.53820950046276
                    ]
                ],
                "(_fun_acceptable_tax_burden:acceptable_tax_burden)-(_tax_approval:tax_approval)": [
                    [
                        355.7775878978525,
                        55.94970187177796
                    ],
                    [
                        365.7775878978525,
                        55.94970187177796
                    ],
                    [
                        366.74710116001546,
                        55.94970187177796
                    ],
                    [
                        366.74710116001546,
                        55.94970187177796
                    ],
                    [
                        470.74710116001546,
                        55.94970187177796
                    ],
                    [
                        480.74710116001546,
                        55.94970187177798
                    ]
                ],