{
    "styles": {
        "Regular-No-IF_OWN_ICON_EXISTS": {
            "nodes": {
                "_fun_cost_yearly": [
                    0.0,
                    0.0
                ],
                "_res_tax_burden": [
                    362.6969153828131,
                    42.94775721473014
                ],
                "_divr": [
                    234.50321678296774,
                    0.6045694996615865
                ],
                "_minusvalue": [
                    113.85618337477273,
                    0.6045694996615865
                ],
                "_divr/_extrar-_res": [
                    388.42367307056566,
                    3.0884236995629024
                ],
                "_res_tax_burden/_extraf-tax_burden": [
                    266.8853997163132,
                    46.03618091429304
                ]
            },
            "edges": {
                "(_fun_cost_yearly:cost_yearly)-(_minusvalue:_op)": [
                    [
                        66.09475962561882,
                        10.51809045714652
                    ],
                    [
                        76.09475962561882,
                        10.51809045714652
                    ],
                    [
                        91.05389862494197,
                        10.51809045714652
                    ],
                    [
                        91.05389862494197,
                        10.51809045714652
                    ],
                    [
                        106.01303762426511,
                        10.51809045714652
                    ],
                    [
                        116.01303762426511,
                        10.51809045714652
                    ]
                ],
                "(_minusvalue:_result)-(_divr:_op)": [
                    [
                        187.34636253347531,
                        10.51809045714652
                    ],
                    [
                        197.34636253347531,
                        10.51809045714652
                    ],
                    [
                        212.0032167829677,
                        10.51809045714652
                    ],
                    [
                        212.0032167829677,
                        10.51809045714652
                    ],
                    [
                        226.6600710324601,
                        10.51809045714652
                    ],
                    [
                        236.6600710324601,
                        10.51809045714652
                    ]
                ],
                "_divr/_extrar-_res-edge-0": [
                    [
                        315.5400611333207,
                        10.51809045714652
                    ],
                    [
                        325.5400611333207,
                        10.51809045714652
                    ],
                    [
                        351.9818671019432,
                        10.51809045714652
                    ],
                    [
                        351.9818671019432,
                        10.51809045714652
                    ],
                    [
                        378.42367307056566,
                        10.51809045714652
                    ],
                    [
                        388.42367307056566,
                        10.51809045714652
                    ]
                ],
                "_res_tax_burden/_extraf-tax_burden-edge-0": [
                    [
                        285.3147324494675,
                        53.46584767187666
                    ],
                    [
                        295.3147324494675,
                        53.46584767187666
                    ],
                    [
                        325.3865357907173,
                        53.46584767187666
                    ],
                    [
                        325.3865357907173,
                        53.46584767187666
                    ],
                    [
                        355.458339131967,
                        53.46584767187666
                    ],
                    [
                        365.458339131967,
                        53.46584767187666
                    ]
                ]
            }
        }
    }
}