{
    "styles": {
        "Regular-No-IF_OWN_ICON_EXISTS": {
            "nodes": {
                "_fun_cost_yearly": [
                    0.0,
                    0.0
                ],
                "_res_tax_burden": [
                    446.4772896265793,
                    42.94775721473014
                ],
                "_divr": [
                    234.50321678296774,
                    0.6045694996615865
                ],
                "_minusvalue": [
                    113.85618337477273,
                    0.6045694996615865
                ],
                "_divr/_extrar-_res": [
                    388.42367307056566,
                    3.0884236995629024
                ],
                "_res_tax_burden/_extraf-tax_burden": [
                    372.87243613811904,
                    46.03618091429304
                ],
                "_minusvalue/_extrar-_result": [
                    240.28855041639062,
                    3.0884236995629024
                ],
                "_res_aff": [
                    234.50321678296777,
                    42.94775721473014
                ],
                "_res_aff/_extraf-aff": [
                    142.46503371229315,
                    46.03618091429304
                ],
                "_res_cost_yearly": [
                    66.22933197021484,
                    0.0
                ],
                "_res_cost_yearly/_extraf-cost_yearly": [
                    0.0,
                    3.0884236995629024
                ],
                "_res_affordability": [
                    63.429332733154304,
                    46.03618091429304
                ],
                "_res_affordability/_extraf-affordability": [
                    0.0,
                    49.124604613855944
                ],
                "_tax_formula": [
                    362.6969153828131,
                    0.6045694996615865
                ],
                "_tax_formula/_extrar-tax_formula": [
                    472.2040473143319,
                    3.0884236995629024
                ]
            },
            "edges": {
                "(_fun_cost_yearly:cost_yearly)-(_minusvalue:_op)": [
                    [
                        66.09475962561882,
                        10.51809045714652
                    ],
                    [
                        76.09475962561882,
                        10.51809045714652
                    ],
                    [
                        91.05389862494197,
                        10.51809045714652
                    ],
                    [
                        91.05389862494197,
                        10.51809045714652
                    ],
                    [
                        106.01303762426511,
                        10.51809045714652
                    ],
                    [
                        116.01303762426511,
                        10.51809045714652
                    ]
                ],
                "(_minusvalue:_result)-(_divr:_op)": [
                    [
                        187.34636253347531,
                        10.51809045714652
                    ],
                    [
                        197.34636253347531,
                        10.51809045714652
                    ],
                    [
                        212.0032167829677,
                        10.51809045714652
                    ],
                    [
                        212.0032167829677,
                        10.51809045714652
                    ],
                    [
                        226.6600710324601,
                        10.51809045714652
                    ],
                    [
                        236.6600710324601,
                        10.51809045714652
                    ]
                ],
                "_divr/_extrar-_res-edge-0": [
                    [
                        315.5400611333207,
                        10.51809045714652
                    ],
                    [
                        325.5400611333207,
                        10.51809045714652
                    ],
                    [
                        351.9818671019432,
                        10.51809045714652
                    ],
                    [
                        351.9818671019432,
                        10.51809045714652
                    ],
                    [
                        378.42367307056566,
                        10.51809045714652
                    ],
                    [
                        388.42367307056566,
                        10.51809045714652
                    ]
                ],
                "_res_tax_burden/_extraf-tax_burden-edge-0": [
                    [
                        391.30176887127334,
                        53.46584767187666
                    ],
                    [
                        401.30176887127334,
                        53.46584767187666
                    ],
                    [
                        420.2702411235033,
                        53.46584767187666
                    ],
                    [
                        420.2702411235033,
                        53.46584767187666
                    ],
                    [
                        439.23871337573325,
                        53.46584767187666
                    ],
                    [
                        449.23871337573325,
                        53.46584767187666
                    ]
                ],
                "(_divr:_res)-(_res_tax_burden:tax_burden)": [
                    [
                        315.5400611333207,
                        10.51809045714652
                    ],
                    [
                        325.5400611333207,
                        10.51809045714652
                    ],
                    [
                        340.49920013264386,
                        10.51809045714652
                    ],
                    [
                        340.49920013264386,
                        53.46584767187666
                    ],
                    [
                        355.458339131967,
                        53.46584767187666
                    ],
                    [
                        365.458339131967,
                        53.46584767187666
                    ]
                ],
                "_minusvalue/_extrar-_result-edge-0": [
                    [
                        187.34636253347537,
                        10.51809045714652
                    ],
                    [
                        197.34636253347537,
                        10.51809045714652
                    ],
                    [
                        213.817456474933,
                        10.51809045714652
                    ],
                    [
                        213.817456474933,
                        10.51809045714652
                    ],
                    [
                        230.28855041639062,
                        10.51809045714652
                    ],
                    [
                        240.28855041639062,
                        10.51809045714652
                    ]
                ],